"Iavarone_ID","Patient_ID","IDH.mutation.status","MRI.contrast.enhancing.annotation","T2.Raw_Mean","RCBV.Raw_Mean","MD.Raw_Mean","FA.Raw_Mean","EPI.Raw_Mean","PathwayClass","EGFR_cnv","EGFR_mut","CDKN2A_cnv","NF1_cnv","NF1_mut","TP53_cnv","TP53_mut","PTEN_cnv","PTEN_mut"
"BNI_203_375619_C1","BNI_203","IDH WT","CE",1.243793031,1.230999642,0.00111,0.0518,0.393783397,NA,1,0,0,0,0,-1,1,-1,1
"BNI_203_375800_D1","BNI_203","IDH WT","CE",0.361062752,1.872455038,0.00103,0.110013018,0.0288,NA,1,0,0,0,0,-1,1,-1,1
"BNI_203_375912_G1","BNI_203","IDH WT","CE",0.353496827,2.915049729,0.00124,0.095,-0.209502071,NA,1,0,0,0,0,0,1,-1,1
"BNI_203_375950_E1","BNI_203","IDH WT","CE",0.962047132,1.364473389,0.00123,0.0424,0.786702734,NA,1,0,0,0,0,-1,1,-1,1
"BNI_203_376089_H1","BNI_203","IDH WT","NE",-0.848020332,2.421450298,0.000839,0.24375751,-0.0791,NA,1,0,0,0,0,-1,1,-1,1
"BNI_203_376281_F1","BNI_203","IDH WT","CE",0.883237437,5.28049174,0.00126,0.115397903,0.196731697,NA,0,0,0,0,0,0,1,0,0
"BNI_203_376314_A1","BNI_203","IDH WT","CE",1.310014003,0.587031054,0.00167,0.0353,0.573387985,NA,1,0,0,0,0,-1,1,-1,1
"BNI_204_375456_E2","BNI_204","IDH WT","CE",1.35143213,2.122775898,0.00109,0.177941534,0.581213794,NA,1,0,0,0,0,0,1,-1,1
"BNI_204_375474_B2","BNI_204","IDH WT","CE",1.559433812,2.180386023,0.00135,0.0847,0.700856784,NA,1,0,0,0,0,0,0,-1,0
"BNI_204_375542_F2","BNI_204","IDH WT","NE",0.289029653,2.993360958,0.00145,0.174345531,0.272968523,NA,1,0,0,0,0,0,1,-1,1
"BNI_204_375612_G2","BNI_204","IDH WT","NE",1.016802208,1.144889455,0.00129,0.154437514,0.544484498,NA,1,0,0,0,0,0,1,-1,1
"BNI_204_375727_A2","BNI_204","IDH WT","CE",2.285489,1.440513,0.00119,0.0947,0.878181,NA,1,0,0,0,0,-1,1,-1,1
"BNI_204_375926_C2","BNI_204","IDH WT","CE",1.511959732,0.901510475,0.00137,0.140285964,0.707999678,NA,1,0,0,0,0,0,1,-1,0
"BNI_204_375998_D2","BNI_204","IDH WT","NE",0.951363776,0.901914352,0.00116,0.124241102,0.615226295,NA,1,0,0,0,0,0,1,-1,0
"BNI_206_375547_A3","BNI_206","IDH WT","CE",1.349156154,1.372701175,0.00161,0.0384,0.592091634,NA,1,0,-2,0,0,0,1,-1,1
"BNI_206_375642_B3","BNI_206","IDH WT","CE",0.58364193,4.460605428,0.00138,0.11425133,0.19929665,NA,1,0,-2,0,0,-1,1,-1,1
"BNI_206_375784_H2","BNI_206","IDH WT","NE",0.546318028,1.767797451,0.00146,0.141898532,0.538154037,NA,1,0,-2,0,0,-1,1,-1,1
"BNI_209_4752_D3","BNI_209","IDH WT","CE",0.570544095,3.20908174,0.000885,0.152500215,0.546584558,NA,1,0,-1,-1,0,0,0,-1,0
"BNI_209_4766_C3","BNI_209","IDH WT","CE",0.570544095,3.20908174,0.000885,0.152500215,0.546584558,NA,1,0,-1,-1,0,0,0,-1,0
"BNI_209_5117_G3","BNI_209","IDH WT","CE",1.072147007,1.73749489,0.000935,0.139519913,0.0312,NA,1,0,-1,-1,0,0,0,-1,0
"BNI_209_5370_H3","BNI_209","IDH WT","CE",1.7584293,1.607836022,0.00112,0.175482805,0.416270079,NA,1,0,-1,-1,0,0,0,-1,0
"BNI_209_5401_E3","BNI_209","IDH WT","CE",0.858417496,2.255700915,0.00127,0.0614,0.127868915,NA,1,0,-1,-1,0,0,0,-1,0
"BNI_209_6245_A4","BNI_209","IDH WT","CE",0.594085733,1.093775777,0.000949,0.0592,0.492952613,NA,1,0,-1,-1,0,0,0,-1,0
"BNI_217_358204_C4","BNI_217","IDH MUT","CE",0.914819785,0.973056368,0.00158,0.102169761,-0.127372784,NA,1,0,0,0,0,0,1,0,0
"BNI_217_358227_B4","BNI_217","IDH MUT","CE",0.914819785,0.973056368,0.00158,0.102169761,-0.127372784,NA,1,0,0,0,0,0,1,0,0
"BNI_218_358059_F4","BNI_218","IDH WT","CE",1.572397519,3.510043185,0.00145,0.0686,0.306853397,NA,1,0,-2,0,0,0,0,-1,0
"BNI_218_358330_D4","BNI_218","IDH WT","CE",0.00728,7.686297191,0.000964,0.155132396,-0.0946,NA,1,0,-2,0,0,0,0,-1,0
"BNI_218_358350_E4","BNI_218","IDH WT","CE",1.306501981,3.358361257,0.00104,0.107702349,0.188674304,NA,1,0,-2,0,0,0,0,-1,0
"EB_Patient_11","EBPatient11","IDH WT","NE",-0.97747499,3.395188378,0.000957,0.105184503,-0.171321359,NA,1,0,-2,-2,0,0,1,-1,1
"G12B","GLIO-12","IDH WT","CE",0.853770546,0.516170544,0.00155,0.118650859,0.652768238,"nc",0,0,-2,0,1,0,1,0,0
"G12C","GLIO-12","IDH WT","CE",2.013883281,0.266079038,0.00231,0.0686,0.785215915,"gpm",0,0,-2,0,1,0,1,0,0
"G12E","GLIO-12","IDH WT","CE",-0.0214,3.023523007,0.000993,0.161983224,0.30242192,"gpm",0,0,-2,0,1,0,1,0,0
"G22B","GLIO-22","IDH WT","CE",2.11129132,1.378246414,0.00236,0.07,0.201965038,NA,1,0,0,0,0,0,1,-2,0
"G22C","GLIO-22","IDH WT","CE",0.881347809,2.739994582,0.00142,0.125067617,-0.341716826,NA,1,0,0,0,0,0,1,-2,0
"G23B1","GLIO-23_2","IDH WT","CE",1.470493451,NA,NA,NA,NA,"ppr",0,0,-2,-1,0,-1,0,0,0
"G23C","GLIO-23_2","IDH WT","CE",1.176878621,NA,NA,NA,NA,"mtc",1,0,0,0,0,0,0,0,0
"G23D","GLIO-23_2","IDH WT","NE",-0.417304642,1.354965302,NA,NA,-0.18807394,NA,0,0,-2,-1,0,-1,0,0,0
"G23F","GLIO-23_2","IDH WT","CE",0.530688362,3.103539549,NA,NA,0.678657496,"mtc",1,0,0,0,0,0,0,0,0
"G23H","GLIO-23_2","IDH WT","CE",-0.0458,1.55428204,NA,NA,0.469730478,NA,0,0,-2,0,0,0,0,0,0
"G29C","GLIO-29","IDH WT","NE",-0.208504697,2.31433983,0.000661,0.308039029,0.065,"ppr",2,0,-2,0,0,0,0,-1,0
"G29G","GLIO-29","IDH WT","NE",-0.251235477,1.997665625,0.000859,0.230748008,0.225843874,"ppr",2,0,-2,0,0,0,0,-1,1
"G29H","GLIO-29","IDH WT","CE",-0.118302927,2.271254154,0.000991,0.178457448,0.46440211,"ppr",2,0,-2,0,0,0,0,-1,0
"G33C","GLIO-33","IDH MUT","NE",4.864430852,0.851166732,0.00179,0.0315,1.862326706,NA,0,0,0,0,0,0,1,-1,0
"G33G","GLIO-33","IDH MUT","NE",2.418849031,1.343616148,0.000851,0.535344316,1.051981974,NA,0,0,0,0,0,0,1,-1,0
"G35C","GLIO-35","IDH WT","CE",0.887271499,3.219252797,0.00106,0.164462749,0.999327228,"nc",1,0,-1,-1,1,0,0,0,0
"G35D","GLIO-35","IDH WT","NE",1.179379119,1.96978011,0.00126,0.137471956,2.269939056,"nc",1,0,0,-1,1,0,0,0,0
"G35E","GLIO-35","IDH WT","NE",0.861626243,2.01637626,0.00103,0.138005168,-0.247785177,"nc",1,0,-1,-1,1,0,0,0,0
"G38R","GLIO-38","IDH WT","NE",NA,0.63417137,0.00123,0.185595181,0.0987,NA,2,0,0,0,0,0,1,0,1
"G39A","GLIO-39","IDH WT","CE",0.223110257,4.966171035,0.00112,0.0678,0.381528634,NA,2,1,-1,0,0,0,0,-1,1
"G39B","GLIO-39","IDH WT","CE",0.223110257,4.966171035,0.00112,0.0678,0.381528634,NA,2,1,0,0,0,0,0,0,0
"G39C","GLIO-39","IDH WT","CE",0.223110257,4.966171035,0.00112,0.0678,0.381528634,NA,2,1,0,0,0,0,1,0,0
"G40A","GLIO-40","IDH WT","CE",1.247388126,1.758356554,0.00126,0.145291783,2.513131014,"mtc",1,0,-2,-1,1,0,0,-2,0
"G40D","GLIO-40","IDH WT","CE",1.848366054,1.387684191,0.00107,0.138048706,1.353828505,"ppr",1,0,-2,-1,1,0,0,-2,0
"G40E","GLIO-40","IDH WT","CE",1.062987296,1.298582868,0.000908,0.243267199,0.660363581,"ppr",1,0,-2,-1,1,0,0,-2,0
"G40I","GLIO-40","IDH WT","NE",0.562490595,1.101953465,0.000804,0.285954317,0.455040594,"gpm",1,0,-2,-1,1,0,0,-2,0
"G40K","GLIO-40","IDH WT","CE",1.904811533,1.252547,0.00133,0.135906315,1.646373908,"ppr",1,0,-2,-1,1,0,0,-2,0
"G40M","GLIO-40","IDH WT","NE",-0.297658643,0.975634214,0.000981,0.180498872,-0.437330418,"mtc",1,0,-2,-1,1,0,0,-2,0
"G43C","GLIO-43","IDH MUT","NE",-0.0985,0.819660364,0.000946,0.149550259,0.116275127,NA,1,0,0,0,0,0,1,0,0
"G43I","GLIO-43","IDH MUT","NE",0.375465228,0.826079412,0.0011,0.165522815,0.257869473,NA,1,0,-1,0,0,0,1,0,0
"G43P","GLIO-43","IDH MUT","NE",0.117348634,0.688817387,0.000994,0.264807286,0.831382323,NA,0,0,-1,0,0,0,1,0,0
"G43R","GLIO-43","IDH MUT","NE",1.721689863,0.72161617,0.00147,0.115592729,0.638410998,NA,0,0,0,0,0,0,1,0,0
"G43T","GLIO-43","IDH MUT",NA,2.269996222,0.0287,0.00302,0.0217,0.570432855,NA,0,0,0,0,0,0,1,0,0
"G44A","GLIO-44","IDH WT","CE",1.317865831,1.832160863,0.00122,0.0342,0.911392771,"ppr",1,0,-2,0,1,0,0,-1,0
"G44E","GLIO-44","IDH WT","CE",0.882785035,3.634350617,0.00102,0.0456,1.555904074,NA,1,0,-1,-1,1,0,0,-1,0
"G44F","GLIO-44","IDH WT","CE",0.88356687,2.606076776,0.00101,0.068,0.909159764,"nc",1,0,-2,0,1,0,0,0,0
"G45B","GLIO-45","IDH WT","NE",0.283532254,2.092600699,0.00112,0.172741421,1.479923569,NA,2,0,-2,0,0,0,1,-1,0
"G45H","GLIO-45","IDH WT","CE",0.0385,1.345096348,0.00111,0.173672082,1.224670004,"gpm",2,0,-2,0,0,0,1,-1,0
"G45L","GLIO-45","IDH WT","CE",0.277158496,1.804457611,0.00114,0.146564422,0.800631492,"gpm",2,0,-2,0,0,0,1,-1,0
"G45M","GLIO-45","IDH WT","CE",0.0818,1.379038953,0.001,0.178994049,-0.367237575,"ppr",2,0,-2,0,0,0,1,-1,0
"G52B","GLIO-52","IDH WT","NE",1.163466105,1.449438058,0.00176,0.0714,-0.346195912,"neu",1,0,-2,0,0,0,0,-1,0
"G52C","GLIO-52","IDH WT","NE",1.568136808,2.067994303,0.00129,0.142546011,-0.579380905,"mtc",1,0,0,0,0,0,0,0,0
"G52D","GLIO-52","IDH WT","CE",1.341929429,3.287210986,0.0013,0.0797,2.004446883,"ppr",1,0,-2,0,0,0,0,0,1
"G52E","GLIO-52","IDH WT","CE",0.693122834,2.634968508,0.00137,0.0933,-0.295876823,"ppr",1,0,-2,0,0,0,1,-1,1
"G52F","GLIO-52","IDH WT","CE",0.913228882,2.535426088,0.00153,0.0409,0.355106942,"neu",1,0,0,0,0,0,0,0,0
"G52H","GLIO-52","IDH WT","CE",1.543166913,3.257273445,0.00147,0.0584,1.384831659,"mtc",1,0,-2,0,0,0,0,-1,1
"G52J","GLIO-52","IDH WT","CE",0.907882497,1.854493468,0.00129,0.131661314,0.541271436,"mtc",1,0,-2,0,0,0,0,-1,0
"G52L","GLIO-52","IDH WT","CE",1.328227171,3.195289802,0.00156,0.0647,1.426411118,NA,1,0,-2,0,0,0,0,-1,0
"G52M","GLIO-52","IDH WT","CE",0.966012041,3.475360852,0.00152,0.119498287,1.841199974,NA,0,0,-1,0,0,0,0,0,0
"G53A","GLIO-53","IDH WT","CE",0.0158,0.858668072,0.000711,0.214912846,0.815859177,"gpm",0,0,0,0,0,0,1,0,0
"G53B","GLIO-53","IDH WT","NE",-0.178287887,1.891896751,0.000654,0.172370042,0.342179965,"neu",2,0,-2,0,0,0,1,0,1
"G53C","GLIO-53","IDH WT","NE",-0.500064805,2.239785265,0.000753,0.16824752,-0.158794746,"neu",2,0,-2,0,0,0,1,0,1
"G53D","GLIO-53","IDH WT","NE",0.0698,3.275230041,0.00118,0.224056521,0.149488465,"ppr",2,1,-2,0,0,0,1,0,1
"G53F","GLIO-53","IDH WT","NE",0.0601,NA,0.000807,0.372466173,NA,"gpm",2,0,-1,0,0,-1,1,-1,1
"G53I","GLIO-53","IDH WT","NE",0.014,1.506831294,0.00101,0.199405076,0.582094474,NA,1,1,-1,0,0,-1,1,-1,1
"G53J","GLIO-53","IDH WT","NE",0.700714816,3.573997337,0.00137,0.113093229,0.200146557,"gpm",1,0,-2,0,0,-1,1,-1,1
"G53K","GLIO-53","IDH WT","NE",0.308452772,2.377097337,0.00115,0.191197159,0.145063053,NA,1,0,-1,0,0,-1,1,-1,1
"G54I","GLIO-54_1","IDH WT","CE",0.313227217,0.783536344,0.00121,0.118383955,0.824963443,NA,0,0,0,0,0,-1,0,0,0
"G59B","GLIO-59","IDH WT","NE",2.338767057,7.371713847,0.0013,0.174639416,0.567944731,"nc",1,0,0,0,0,0,0,0,0
"G59D","GLIO-59","IDH WT","NE",1.013195383,8.684086636,0.000835,0.34781563,0.845668482,NA,1,0,0,0,0,0,0,0,0
"G59E","GLIO-59","IDH WT","CE",1.008509458,3.492324009,0.00101,0.133553108,0.152204741,"neu",1,0,0,0,0,0,0,0,0
"G59F","GLIO-59","IDH WT","CE",0.741082676,1.157593492,0.000742,0.126220318,0.448304837,"nc",0,0,0,0,0,0,0,-1,0
"G59H","GLIO-59","IDH WT","CE",1.095999898,0.977806906,0.000778,0.133784035,0.0497,"neu",1,0,0,0,0,0,0,0,0
"G59I","GLIO-59","IDH WT","CE",1.402606887,1.489560829,0.00116,0.0766,0.332198512,"nc",1,0,0,0,0,0,0,0,0
"G59J","GLIO-59","IDH WT","CE",1.134411376,2.222909278,0.00109,0.118439584,0.0582,NA,1,0,0,0,0,0,0,0,0
"G59L","GLIO-59","IDH WT","CE",1.249632473,5.663592339,0.000803,0.30296039,0.711690664,"ppr",1,0,0,0,0,0,0,0,0
"G5B","GLIO-5","IDH WT","CE",-0.686681628,4.905949419,0.000674,0.359700148,-0.747878669,"ppr",1,1,-2,0,0,0,0,-1,1
"G5C","GLIO-5","IDH WT","NE",0.754685629,1.746372742,0.00113,0.236686145,0.346269905,"ppr",1,1,-2,0,0,0,0,-1,1
"G5D","GLIO-5","IDH WT","CE",1.338536381,3.571651839,0.00147,0.198652132,0.738951995,"ppr",2,1,-2,0,0,0,0,-1,1
"G5G","GLIO-5","IDH WT","CE",0.611835626,3.667341309,0.000999,0.212132223,0.483600542,"nc",1,1,-2,0,0,0,0,-1,1
"G5H","GLIO-5","IDH WT","CE",3.434974118,1.972338931,0.00229,0.157644095,0.73063881,NA,2,1,-2,0,0,0,0,-1,1
"G5I","GLIO-5","IDH WT","CE",0.779734411,2.128040888,0.0011,0.265794938,0.356084922,"gpm",1,1,-2,0,0,0,0,-1,1
"G65A","GLIO-65","IDH WT","CE",0.815949603,2.269424656,0.000848,0.227061608,-0.0421,"nc",0,0,0,0,0,0,0,0,0
"G65C","GLIO-65","IDH WT","CE",0.845961809,1.727469165,0.000945,0.17150286,-1.846058731,"ppr",2,1,-2,0,0,0,0,-1,0
"G67C","GLIO-67","IDH WT","CE",2.010460099,1.645864242,0.00134,0.0648,2.074029903,"ppr",1,0,0,-1,1,0,0,-1,0
"G67F","GLIO-67","IDH WT","CE",1.335762612,0.170101451,0.000739,0.104282422,0.783376051,"ppr",1,0,0,-1,1,0,0,-1,0
"G69B","GLIO-69","IDH WT","NE",0.299796031,2.259380761,0.000925,0.263293864,0.152197293,NA,1,1,0,0,0,0,1,-1,0
"G69E","GLIO-69","IDH WT","NE",-0.164352808,1.250939319,0.000639,0.357847665,-1.202058404,NA,1,0,0,0,0,0,0,0,0
"G6F","GLIO-6","IDH MUT","NE",1.265172278,0.669717202,0.00117,0.185481253,-0.732171759,NA,0,0,-1,0,0,0,0,0,0
"G6H","GLIO-6","IDH MUT","NE",-0.584085279,1.199396958,0.000759,0.265980662,0.760296409,NA,0,0,-1,0,0,0,0,0,0
"G74E","GLIO-74","IDH MUT","NE",1.995930019,2.906632117,0.00141,0.25175046,2.322360079,NA,0,0,-1,0,0,0,0,0,0
"G74H","GLIO-74","IDH MUT","NE",0.973174233,3.570159383,0.00104,0.287423281,0.79082683,NA,0,0,0,0,0,0,0,0,0
"G76B","GLIO-76","IDH WT","NE",-0.0771,1.098419936,0.00109,0.205598514,0.449511282,NA,1,0,0,0,0,0,0,-1,0
"G76F","GLIO-76","IDH WT","NE",1.8102112,0.783845668,0.00144,0.0779,0.949717447,NA,1,1,-1,0,0,0,1,-1,0
"G76H","GLIO-76","IDH WT","NE",0.835055444,NA,0.00144,0.124284533,NA,NA,1,1,0,0,0,0,0,-1,0
"G77B","GLIO-77","IDH WT","CE",1.027082494,2.188917717,0.00161,0.0574,0.457765809,"ppr",2,0,0,0,0,0,1,0,1
"G77C","GLIO-77","IDH WT","CE",0.891185434,2.191701981,0.00176,0.0822,0.84684699,"ppr",2,0,-1,-1,0,-1,1,-1,1
"G77D","GLIO-77","IDH WT","CE",0.479489499,4.301287571,0.00107,0.107497264,0.462682852,NA,1,0,0,0,0,0,1,-1,1
"G77F","GLIO-77","IDH WT","CE",0.38475803,3.590461917,0.000983,0.157251044,0.55742253,"ppr",2,0,0,0,0,0,1,0,1
"G77G","GLIO-77","IDH WT","CE",1.259472606,2.412489478,0.00201,0.0539,0.792606384,NA,1,1,-1,-1,0,-1,1,-1,1
"G77H","GLIO-77","IDH WT","CE",2.226784086,1.07728548,0.00245,0.0389,0.49508778,"mtc",2,0,0,0,0,0,1,0,1
"G77I","GLIO-77","IDH WT","CE",1.908023909,0.355663819,0.00251,0.0339,0.633990327,"ppr",2,0,0,0,0,0,1,0,0
"G77J","GLIO-77","IDH WT","CE",0.464888087,2.558016331,0.000965,0.0928,0.866003254,"mtc",2,0,0,0,0,0,1,0,1
"G85B","GLIO-85","IDH WT","CE",0.127980394,0.802535482,0.000783,0.212406461,0.344501875,NA,2,0,-2,0,0,0,0,-1,0
"G85C","GLIO-85","IDH WT","NE",0.307560843,1.032229057,0.000769,0.0977,0.626125657,NA,2,0,-2,0,0,0,0,-1,0
"G85D","GLIO-85","IDH WT","NE",-0.038,3.604163738,0.000637,0.253862465,0.797106213,NA,2,0,-2,0,0,0,0,-1,0
"G85F","GLIO-85","IDH WT","CE",-0.100065241,2.351843069,0.000631,0.189995708,-0.125632692,NA,2,0,-2,0,0,0,0,-1,0
"G85G","GLIO-85","IDH WT","NE",0.111812619,2.698382291,0.000663,0.195653503,0.291360143,NA,2,0,-2,0,0,0,0,-1,0
"G85H","GLIO-85","IDH WT","CE",0.0685,3.895141534,0.000714,0.27270876,0.411326988,NA,2,0,-2,0,0,0,0,-1,0
"G85I","GLIO-85","IDH WT","NE",0.583531351,0.589008619,0.000782,0.0991,0.44614187,"gpm",2,0,-2,0,0,0,0,-1,0
"G87A","GLIO-87","IDH WT","NE",-0.603973677,1.133325888,0.000778,0.320216791,0.23300759,"neu",0,0,0,0,0,0,0,0,0
"G87H","GLIO-87","IDH WT","CE",2.693792641,6.6236299,0.00207,0.105148153,2.00903492,NA,1,0,0,0,0,0,1,-1,0
"G87J","GLIO-87","IDH WT","NE",0.191893646,2.135188092,0.001,0.18295196,0.390925578,"neu",1,0,0,0,0,-1,1,-1,0
"G87K","GLIO-87","IDH WT","CE",1.496888128,2.528243002,0.00105,0.100776057,1.100596216,NA,1,0,0,0,0,0,1,-1,0
"G8A","GLIO-8","IDH WT","NE ",-0.786740286,4.564303369,0.000595,0.338879049,0.147562565,"ppr",2,1,0,0,0,0,1,0,1
"G8C","GLIO-8","IDH WT","CE",-0.109051705,5.640915535,0.000832,0.143933956,0.97005525,"ppr",2,1,0,0,0,0,1,0,1
"G8G","GLIO-8","IDH WT","NE",-0.451921096,3.999333087,0.000875,0.15599384,0.422092959,"neu",0,0,0,0,0,0,0,0,0
"G8I","GLIO-8","IDH WT","NE",-0.887444743,1.46878492,0.00111,0.298453012,0.184475218,NA,0,0,0,0,0,0,0,0,0
"G92C","GLIO-92","IDH MUT","CE",1.528824732,1.123601936,0.00106,0.0928,1.588955068,NA,0,0,-1,0,0,0,1,0,0
"G92D","GLIO-92","IDH MUT","CE",1.930367266,0.565035017,0.00121,0.0702,2.086849577,NA,2,0,0,0,0,0,1,0,0
"G92G","GLIO-92","IDH MUT","NE",2.12307233,0.787973471,0.00121,0.162726945,1.717740711,NA,1,0,0,0,0,0,1,0,0
"G92K","GLIO-92","IDH MUT","CE",2.186023995,0.829777176,0.00137,0.0658,2.486526798,NA,1,0,-1,0,0,0,1,0,0
"G92M","GLIO-92","IDH MUT","NE",2.020918537,0.741782264,0.00132,0.0657,2.277945856,NA,2,0,0,0,0,0,1,0,0
"G93E","GLIO-93","IDH MUT","NE",1.182627218,0.873150723,0.00133,0.163869458,0.346106535,NA,0,0,-1,0,0,0,1,0,0
"G93F","GLIO-93","IDH MUT","NE",2.280242537,0.762209509,0.00176,0.088,0.677010478,NA,0,0,0,0,1,0,1,0,0
"G93G","GLIO-93","IDH MUT","NE",0.510463825,5.389961163,0.00126,0.103080029,-0.21723976,NA,0,0,0,0,1,0,1,0,0
"G93K","GLIO-93","IDH MUT","CE",-0.00989,3.202750595,0.000731,0.333242912,0.397817448,NA,0,0,0,0,0,0,1,0,0
"G95E","GLIO-95","IDH WT","NE",0.191695807,1.637356227,0.000868,0.172255405,-0.424173947,"neu",1,0,0,-1,0,0,1,0,0
"G95F","GLIO-95","IDH WT","NE",1.022757524,1.831034042,0.00118,0.189247888,-0.404128799,"neu",1,0,0,-1,0,0,1,0,0
"G95I","GLIO-95","IDH WT","NE",-0.655292157,1.554003472,0.00091,0.180291319,-0.0389,NA,2,0,0,0,1,0,1,0,0
"G97B","GLIO-97","IDH WT","CE",1.541194649,3.561888568,0.00151,0.112002345,2.245987926,NA,2,1,-2,0,0,0,1,-2,0
"G97C","GLIO-97","IDH WT","CE",1.636170856,6.612003066,0.00157,0.0671,3.38482029,NA,2,1,-1,0,0,0,0,-1,0
"G97D","GLIO-97","IDH WT","CE",1.323739799,6.154793577,0.00145,0.0538,3.451410194,NA,2,1,-2,0,0,0,0,-2,0
"G97E","GLIO-97","IDH WT","CE",2.117919918,5.273447514,0.00175,0.0398,3.49341578,"gpm",2,1,-2,0,0,0,0,-2,0
"G97F","GLIO-97","IDH WT","CE",1.580674294,3.222368779,0.00153,0.0862,2.878420401,NA,2,1,-2,0,0,0,1,-2,0
"G97G","GLIO-97","IDH WT","CE",1.007294244,3.158610246,0.00143,0.0812,2.288318287,NA,2,1,-2,0,0,0,0,-2,0
"G97H","GLIO-97","IDH WT","CE",1.871118608,3.214036234,0.00167,0.0676,2.980303332,"gpm",2,1,-2,0,0,0,0,-2,0
"G97I","GLIO-97","IDH WT","CE",1.234095396,3.219176182,0.00146,0.0773,2.56836099,"gpm",2,1,-2,0,0,0,0,-2,0
"G99E","GLIO-99","IDH MUT","CE",1.047913864,1.004376135,0.00195,0.0622,1.954992823,NA,0,0,0,0,0,0,0,0,0
"G99F","GLIO-99","IDH MUT","CE",1.183337415,0.652762379,0.00212,0.0565,1.598731945,NA,1,0,-1,0,0,0,0,0,0
"G99I","GLIO-99","IDH MUT","CE",1.351770591,0.579298189,0.00193,0.0846,2.169405538,NA,1,0,-1,0,0,0,0,0,0
"G99K","GLIO-99","IDH MUT","CE",1.491100939,1.013681312,0.00192,0.0572,2.944713093,NA,1,0,-1,0,0,0,0,0,0
"M20A","GLIO-28","IDH WT","CE",NA,NA,0.00123,0.0733,NA,"gpm",2,0,-2,0,0,0,0,-1,0
"M20B","GLIO-28","IDH WT","CE",NA,NA,0.00123,0.0733,NA,"gpm",2,0,-2,0,0,0,0,-1,0
"M20C","GLIO-28","IDH WT","CE",NA,NA,0.000954,0.117831445,NA,"neu",2,0,0,0,0,0,0,0,0
"M20D","GLIO-28","IDH WT","CE",NA,NA,0.000954,0.117831445,NA,"ppr",2,0,-2,0,0,0,0,-1,0
"M24C","GLIO-28","IDH WT","NE",0.704754678,1.56360109,0.000859,0.293983666,0.609544373,"mtc",2,0,-2,0,0,0,0,-1,0
"M24E","GLIO-28","IDH WT","NE",-0.0393,1.914411377,0.000804,0.233253625,-0.101358242,"gpm",2,0,-2,0,0,0,0,-1,0
"M24F","GLIO-28","IDH WT","CE",1.246220571,1.260315017,0.00101,0.14707396,1.193557657,"mtc",2,0,-2,0,0,0,0,-1,0
"M36F","GLIO-42","IDH WT","NE",NA,0.447185749,0.00161,0.084,1.25039065,NA,0,0,0,0,0,0,0,0,0
"M36N","GLIO-42","IDH WT","NE",NA,0.827251405,0.00162,0.112516482,1.043491794,NA,0,0,0,0,0,0,0,0,0
"M36P","GLIO-42","IDH WT","NE",NA,0.880837604,0.00108,0.144923946,-0.240266204,NA,0,0,0,0,0,0,0,0,0
"M36R","GLIO-42","IDH WT","NE",NA,0.461518877,0.0014,0.0968,0.40865605,NA,0,0,0,0,0,-1,0,0,0
"M36T","GLIO-42","IDH WT","CE",NA,0.678273915,0.0013,0.196982997,0.476951055,NA,0,0,0,0,0,-1,0,0,0
"M46G","GLIO-54_1","IDH WT","CE",0.966210965,0.426729515,0.00181,0.172160761,0.45647813,NA,2,0,0,0,0,0,0,0,0
"M78B","GLIO-54_2","IDH WT","CE",1.503420934,1.389744001,NA,NA,-0.57232448,NA,1,0,0,0,0,0,0,0,0
"M78C","GLIO-54_2","IDH WT","CE",1.632681201,0.693902762,NA,NA,0.538384187,NA,1,0,0,0,0,0,0,0,0
"M78F","GLIO-54_2","IDH WT","CE",1.788904219,1.090913201,NA,NA,0.454704736,NA,0,0,0,0,0,0,0,0,0
"M78H","GLIO-54_2","IDH WT","CE",2.047723964,0.525731193,NA,NA,0.765506305,NA,2,0,0,0,0,0,0,0,0
"M78J","GLIO-54_2","IDH WT","CE",1.806417174,0.724369703,NA,NA,0.69697255,NA,2,0,0,-2,0,-1,0,0,0
"M95F","GLIO-42_2","IDH WT","NE",0.119794983,2.235212324,0.000829,0.269675107,0.298200027,"gpm",1,1,-1,0,0,0,0,-1,0
"M95L","GLIO-42_2","IDH WT","NE",0.563446762,0.0833,0.00119,0.0607,0.246169469,NA,0,0,0,0,0,0,0,0,0
"M95M","GLIO-42_2","IDH WT","NE",-0.00674,2.67778096,0.00124,0.248027189,-0.375728771,NA,0,0,0,0,0,0,0,0,0
"P021_111221","P021","IDH WT","CE",0.337929815,1.180247284,NA,NA,0.663166082,"ppr",0,0,0,0,0,0,0,0,0
"P021_111496","P021","IDH WT","CE",0.344581548,1.049917636,NA,NA,0.276316865,"ppr",0,0,0,0,0,0,0,0,0
"P059_100253","P059","IDH WT","CE",NA,1.233627816,0.0015,0.0913,0.166737603,NA,0,0,0,-1,0,-1,0,0,0
"P059_100548","P059","IDH WT","CE",NA,0.8453193,0.00129,0.0783,0.2722531,NA,0,0,0,0,0,0,0,0,0
"P059_112194","P059","IDH WT","NE",NA,0.476719669,0.00164,0.116253719,0.701760034,"gpm",0,0,0,0,0,0,0,0,0
"P065_358799","P065","IDH WT","CE",0.815013919,2.206351978,0.00117,0.165191906,0.585870296,NA,0,0,-2,-1,1,0,0,-1,0
"P065_358802","P065","IDH WT","CE",0.141596185,2.68915724,0.00155,0.117501144,0.115748959,NA,0,0,-1,-1,1,0,0,0,0
"P065_359306","P065","IDH WT","CE",0.0894,1.049977264,0.00117,0.129126731,-1.208953286,NA,1,0,-1,-1,0,0,0,0,0
"P065_359319","P065","IDH WT","CE",0.0312,3.348177531,0.00116,0.166788381,0.326035036,NA,2,0,-2,0,0,0,0,-1,0
"P108_358411","P108","IDH WT","CE",1.133732183,2.126624756,0.00142,0.102893611,0.646162865,"ppr",1,0,-1,0,0,-1,0,0,1
"P108_358448","P108","IDH WT","CE",1.143721294,1.700473336,0.00176,0.0801,0.572725826,NA,1,0,-1,0,0,-1,1,-1,1
"P108_358525","P108","IDH WT","CE",1.108952767,1.332148769,0.00148,0.128784118,0.769856805,NA,1,0,-1,0,0,-1,0,0,1
"P129_375688","P129","IDH WT","NE",0.224488096,0.928421828,0.00091,0.211747539,-0.650446928,"neu",0,1,-2,-1,0,0,0,-1,1
"P129_375970","P129","IDH WT","NE",-0.501774926,3.677460897,0.000856,0.225668417,0.489315394,"neu",0,1,-1,-1,0,0,0,-1,1
"P129_375973","P129","IDH WT","NE",0.261394034,2.589510506,0.000892,0.191025907,0.752721262,"gpm",2,1,-2,0,0,0,0,0,1
"P129_376050","P129","IDH WT","NE",0.578774097,1.125003894,0.00101,0.206599408,-0.695928507,"mtc",1,1,-2,-1,0,0,0,-1,1
"P129_376085","P129","IDH WT","NE",0.171311958,2.893349229,0.00102,0.197074559,0.0996,"mtc",0,1,-2,-1,0,0,0,-1,1
"P129_376165","P129","IDH WT","NE",0.0855,3.47905924,0.000882,0.219982404,-0.214867317,"mtc",0,1,-1,-1,0,0,0,-1,1
"P129_376167","P129","IDH WT","CE",-0.100621989,5.343379764,0.000962,0.236452492,0.695414836,NA,1,0,-2,0,0,0,0,0,1
"P129_376176","P129","IDH WT","NE",0.212214561,4.107413863,0.00101,0.176155156,0.0517,"mtc",1,1,-2,0,0,0,0,0,1
"P129_376304","P129","IDH WT","CE",-0.100621989,5.343379764,0.000962,0.236452492,0.695414836,"gpm",1,1,-2,0,0,0,0,0,1
"P129_376322","P129","IDH WT","NE",0.701747055,0.990751113,0.00142,0.138379778,-0.535472357,"mtc",2,0,-2,0,0,0,0,0,1
"P152_374528","P152","IDH WT","CE",0.520086998,6.055914175,0.0011,0.226163739,0.46535707,"ppr",2,0,-2,0,0,0,0,-1,0
"P152_387720","P152","IDH WT","CE",-0.312335808,4.719421285,0.000988,0.214498097,0.798453476,"neu",2,0,-1,0,0,0,0,-1,0
"P152_387930","P152","IDH WT","NE",-0.251417616,5.450383416,0.00101,0.25951698,1.26836158,"ppr",2,0,-2,0,0,0,0,0,0
"P152_387942","P152","IDH WT","NE",0.185041293,1.11242541,0.00137,0.105967112,0.673707183,NA,2,0,-2,0,0,0,0,-1,0
"P152_387947","P152","IDH WT","CE",0.688126086,NA,0.00166,0.112336562,0.882330273,"ppr",2,0,-2,0,0,0,0,-1,0
"P152_387979","P152","IDH WT","CE",0.176243234,3.651935963,0.000903,0.263335431,1.21842555,"ppr",2,0,-2,0,0,0,0,-1,0
"P152_388519","P152","IDH WT","CE",0.258042755,4.96292588,0.000757,0.301416586,0.682745457,"ppr",2,0,-2,0,0,0,0,-1,0
"P152_388615","P152","IDH WT","CE",-0.826443419,3.156698307,0.000972,0.282790684,0.672545016,"ppr",2,0,-2,0,0,0,0,-1,0
"P157_375133","P157","IDH WT","CE",2.05181404,6.199997652,0.00142,0.0596,0.855447649,NA,1,0,-2,0,0,0,0,-2,0
"P157_375159","P157","IDH WT","CE",1.592679361,1.03254103,0.00146,0.154197185,0.708626229,NA,1,0,-2,-2,0,0,0,-2,0
"P157_375319","P157","IDH WT","CE",1.592679361,1.03254103,0.00146,0.154197185,0.708626229,NA,1,0,-2,-2,0,0,0,-2,0
"P158_375150","P158","IDH MUT","CE",0.986165295,0.409861338,0.00118,0.0483,-0.474718445,NA,1,0,0,0,0,0,1,0,0
"P158_375266","P158","IDH MUT","CE",-0.606382079,2.289914701,0.000976,0.408047231,0.019,NA,1,0,0,0,0,0,1,0,0
"P158_375281","P158","IDH MUT","NE",0.0422,1.137082388,0.00103,0.14367179,-0.181002572,NA,1,1,0,0,0,0,1,0,0
"P158_375284","P158","IDH MUT","CE",-0.156359837,2.853772433,0.00108,0.191329866,0.0974,NA,1,0,0,0,0,0,1,0,0
"P158_375546","P158","IDH MUT","CE",-0.320325972,1.285590957,0.00112,0.322655755,-0.0158,NA,1,0,-1,0,0,0,1,0,0
"P163_375363","P163","IDH MUT","CE",0.514544678,2.851783675,0.00111,0.188506639,0.316379539,NA,2,0,-2,0,0,0,1,0,0
"P163_375380","P163","IDH MUT","CE",0.472547875,2.534811359,0.000719,0.134895276,-0.0955,NA,2,0,-2,0,0,0,1,0,0
"P163_376121","P163","IDH MUT","CE",0.673901923,1.872544904,0.000651,0.117882036,-0.382923157,NA,2,0,-2,0,0,0,1,0,0
"P163_376137","P163","IDH MUT","CE",0.510783605,1.407547935,0.00198,0.102267231,-1.300738975,NA,1,0,-2,0,0,0,1,0,0
"P163_376213","P163","IDH MUT","CE",0.63353041,1.586167251,0.00124,0.162531531,-0.391841985,NA,2,0,-2,0,0,0,1,0,0
"P182_111761","P182","IDH WT","CE",0.787945674,1.474104213,0.0015,0.161051585,-0.301223913,NA,1,0,-2,0,0,0,0,-1,1
"P182_111948","P182","IDH WT","NE",0.753044864,1.648913298,0.00163,0.0723,0.830488096,NA,0,0,0,0,0,0,0,0,0
"P184_285504","P184","IDH WT","CE",0.819337773,2.207239037,0.00121,0.166874928,0.671527773,"ppr",2,0,-2,0,0,-1,1,-1,0
"P184_285527","P184","IDH WT","NE",0.374272366,1.575589611,0.00117,0.253114986,0.213781262,"mtc",2,1,-1,0,0,0,0,-1,0
"P190_359227","P190","IDH WT","CE",0.549611331,2.5139767,0.00143,0.111108091,0.551270808,"gpm",2,0,-2,0,0,-2,0,0,0
"P190_359287","P190","IDH WT","NE",-0.140679786,1.689071344,0.00126,0.153401451,-0.132554715,"nc",1,0,-2,0,0,-2,0,-1,0
"P190_359313","P190","IDH WT","NE",0.776613902,1.80111832,0.00161,0.105658117,0.495474071,"gpm",1,0,-2,0,0,-2,0,-1,0
"P190_359388","P190","IDH WT","NE",0.171718671,1.907607138,0.00127,0.159479071,0.437162547,"neu",1,0,-2,0,0,-2,0,0,0
"P191_41114","P191","IDH WT","NE",-0.5908597,3.817895895,0.000744,0.22742959,-0.134135579,"gpm",1,0,0,-1,1,-1,1,-1,1
"P191_41126","P191","IDH WT","CE",0.0525,1.361177966,0.00126,0.0765,-0.439187313,"ppr",1,0,-1,-1,1,-1,1,-1,1
"P191_41133","P191","IDH WT","NE",-0.107314223,1.507190463,0.00148,0.144483129,0.577938268,"ppr",1,0,0,-1,0,-1,1,-1,1
"P191_42407","P191","IDH WT","CE",0.218674194,5.359034137,0.00113,0.0821,-0.0947,"ppr",1,0,0,-1,1,-1,1,-1,1
"P207_375593",NA,"IDH MUT","CE",1.065230219,5.34722515,0.001202511,0.15557908,0.345647005,NA,NA,NA,NA,NA,NA,NA,NA,NA,NA
"P207_375794","P207","IDH MUT","NE",0.974638034,3.913309136,0.00252,0.0837,0.402372402,NA,0,0,0,0,0,0,1,-1,0
"P207_375812","P207","IDH MUT","CE",-0.0759,4.999486489,0.00157,0.0828,-0.483142261,NA,0,0,0,0,0,0,1,-1,0
"P232_388048",NA,NA,"CE",0.620298413,1.935673739,0.000455563,0.215894298,0.489256887,NA,NA,NA,NA,NA,NA,NA,NA,NA,NA
"P232_388050",NA,NA,"CE",0.992322042,1.71899535,0.000431654,0.274950647,1.205589522,NA,NA,NA,NA,NA,NA,NA,NA,NA,NA
"P232_388140",NA,NA,"CE",0.32147277,NA,0.000468853,0.154633497,NA,NA,NA,NA,NA,NA,NA,NA,NA,NA,NA
"P232_388151",NA,NA,"CE",0.419959864,NA,0.000475056,0.19745222,NA,NA,NA,NA,NA,NA,NA,NA,NA,NA,NA
"P241_387864",NA,NA,"CE",0.913531766,3.609930595,0.000328217,0.16039354,-0.313257267,NA,NA,NA,NA,NA,NA,NA,NA,NA,NA
"P241_387872",NA,NA,"CE",1.165263159,2.15957823,0.000395757,0.090021673,-0.119759086,NA,NA,NA,NA,NA,NA,NA,NA,NA,NA
"P5_Tumor_1","PT5","IDH WT","NE",0.285824356,2.441799343,0.00181,0.254977657,-0.382913842,NA,0,0,0,0,0,0,0,0,0
"P5_Tumor_2","PT5","IDH WT","CE",1.484130002,2.791783238,0.00127,0.260257716,-0.0741,NA,2,0,0,0,0,0,1,0,1
"P5_Tumor_3","PT5","IDH WT","NE",-0.365896751,2.395578968,0.00173,0.264676065,-0.401187211,NA,1,0,0,0,0,0,1,0,1
"P5_Tumor_4","PT5","IDH WT","CE",0.563682143,2.956885632,0.0015,0.239788944,0.292371973,NA,0,0,0,0,0,-1,1,-1,1
"P8_Tumor_1","PT8","IDH WT","CE",-0.5782943,2.035952,0.000928,0.4565763,0.2157516,NA,2,0,-2,0,0,0,0,-1,1
"P8_Tumor_2","PT8","IDH WT","CE",0.107654633,1.116097994,0.000903,0.546818786,0.570086764,NA,2,0,-2,0,0,0,0,-1,1
"P8_Tumor_3","PT8","IDH WT","CE",-0.808677686,1.472372905,0.0015,0.598290171,0.546678259,NA,2,0,-2,0,0,0,0,-1,1
"P8_Tumor_4","PT8","IDH WT","NE",-0.437578739,1.59702131,0.00114,0.185384354,0.0821,NA,2,0,-2,0,0,0,0,-1,0
"P8_Tumor_5","PT8","IDH WT","NE",-0.329484212,1.140586957,0.000862,0.244682679,0.327079847,NA,1,1,0,0,0,0,0,0,1
"P8_Tumor_6","PT8","IDH WT","CE",0.000513,2.89244171,0.000793,0.314198308,0.438517069,NA,2,1,-2,0,0,0,0,-1,1
"P8_Tumor_7","PT8","IDH WT","CE",0.664230302,1.16241498,0.00111,0.402769982,0.408061049,NA,2,1,-2,0,0,0,0,-1,1
"VBr_Pt_SC7__BAT","VBrPtSC7(BAT)","IDH WT","NE",0.311409971,0.607252192,0.00145,0.0629,0.97709605,NA,2,0,0,0,0,0,0,0,0
